{
  "scenario_a": {
    "70": {
      "mig_migrated": {
        "hr": 1.0995342238497212,
        "lo": 1.0394992198050994,
        "hi": 1.1630364760095588,
        "p": 0.0009255109588820912
      },
      "mig_internal_transfer": {
        "hr": 1.5446173652455528,
        "lo": 1.4544239319452776,
        "hi": 1.6404039789327949,
        "p": 1.5485178647468346e-45
      },
      "mig_deported": {
        "hr": 5.004667736386983,
        "lo": 4.302460807679252,
        "hi": 5.821482233360076,
        "p": 8.662628250115796e-97
      }
    },
    "75": {
      "mig_migrated": {
        "hr": 1.0947468726788798,
        "lo": 1.0349866802414716,
        "hi": 1.1579576221798078,
        "p": 0.001574147433931543
      },
      "mig_internal_transfer": {
        "hr": 1.54314637869776,
        "lo": 1.4530414682651855,
        "hi": 1.638838806803698,
        "p": 2.3929940569683076e-45
      },
      "mig_deported": {
        "hr": 4.988188928864193,
        "lo": 4.288422283711042,
        "hi": 5.802140541185539,
        "p": 1.94291954381984e-96
      }
    },
    "80": {
      "mig_migrated": {
        "hr": 1.0878241858760298,
        "lo": 1.0284566180894013,
        "hi": 1.150618741289465,
        "p": 0.0032830265245636188
      },
      "mig_internal_transfer": {
        "hr": 1.5414532506734944,
        "lo": 1.4514500473675345,
        "hi": 1.6370374773291902,
        "p": 3.94845826041942e-45
      },
      "mig_deported": {
        "hr": 4.963545117635005,
        "lo": 4.267430683395007,
        "hi": 5.773211555764089,
        "p": 6.504978372697735e-96
      }
    },
    "85": {
      "mig_migrated": {
        "hr": 1.0795738010643645,
        "lo": 1.0206661522169092,
        "hi": 1.1418812992016176,
        "p": 0.00748453778322203
      },
      "mig_internal_transfer": {
        "hr": 1.5381884048499397,
        "lo": 1.4483814977502232,
        "hi": 1.6335637899890023,
        "p": 1.0346966568940213e-44
      },
      "mig_deported": {
        "hr": 4.921563832198026,
        "lo": 4.231659079069591,
        "hi": 5.72394658969676,
        "p": 5.169517660839073e-95
      }
    },
    "90": {
      "mig_migrated": {
        "hr": 1.067075471917701,
        "lo": 1.0088456146219729,
        "hi": 1.1286663155046281,
        "p": 0.023355916192790212
      },
      "mig_internal_transfer": {
        "hr": 1.533265319099196,
        "lo": 1.4437519217226826,
        "hi": 1.6283285953637145,
        "p": 4.426631620741475e-44
      },
      "mig_deported": {
        "hr": 4.888815946476411,
        "lo": 4.203750873287426,
        "hi": 5.685522781665536,
        "p": 2.6260211861545923e-94
      }
    }
  },
  "scenario_b": {
    "include_all": {
      "mig_migrated": {
        "hr": 1.0878241858760298,
        "lo": 1.0284566180894013,
        "hi": 1.150618741289465,
        "p": 0.0032830265245636188
      },
      "mig_internal_transfer": {
        "hr": 1.5414532506734944,
        "lo": 1.4514500473675345,
        "hi": 1.6370374773291902,
        "p": 3.94845826041942e-45
      },
      "mig_deported": {
        "hr": 4.963545117635005,
        "lo": 4.267430683395007,
        "hi": 5.773211555764089,
        "p": 6.504978372697735e-96
      }
    },
    "exclude_post_soviet": {
      "mig_migrated": {
        "hr": 1.0935500747286355,
        "lo": 1.0337354884572858,
        "hi": 1.1568256863500506,
        "p": 0.001833002674106729
      },
      "mig_internal_transfer": {
        "hr": 1.5414814905711525,
        "lo": 1.4514718752386533,
        "hi": 1.6370728405486805,
        "p": 3.958097195165137e-45
      },
      "mig_deported": {
        "hr": 4.960915837079739,
        "lo": 4.265180790112976,
        "hi": 5.770138982065676,
        "p": 7.45247376226248e-96
      }
    },
    "reclassify_post_soviet": {
      "mig_migrated": {
        "hr": 1.0943166648906484,
        "lo": 1.034458637214766,
        "hi": 1.1576383240239412,
        "p": 0.001687340013423272
      },
      "mig_internal_transfer": {
        "hr": 1.5427759278388538,
        "lo": 1.452688966034844,
        "hi": 1.6384495368032872,
        "p": 2.6967446196150375e-45
      },
      "mig_deported": {
        "hr": 4.967276000631575,
        "lo": 4.270613431729326,
        "hi": 5.7775847102272335,
        "p": 5.3991641031469895e-96
      }
    }
  },
  "scenario_c": {
    "0.05": {
      "mig_migrated": {
        "median_hr": 1.0884261758923046,
        "lo": 1.0635192538389433,
        "hi": 1.1087461454487963,
        "n": 50
      },
      "mig_internal_transfer": {
        "median_hr": 1.473729056581142,
        "lo": 1.4473275060649062,
        "hi": 1.519493922144018,
        "n": 50
      },
      "mig_deported": {
        "median_hr": 1.95886911551189,
        "lo": 1.8076447485958975,
        "hi": 2.176344008220541,
        "n": 50
      }
    },
    "0.1": {
      "mig_migrated": {
        "median_hr": 1.0771967763704207,
        "lo": 1.0483390128422823,
        "hi": 1.1104505659412587,
        "n": 50
      },
      "mig_internal_transfer": {
        "median_hr": 1.424803011188946,
        "lo": 1.3850696078542952,
        "hi": 1.4565891216153992,
        "n": 50
      },
      "mig_deported": {
        "median_hr": 1.5708074525774065,
        "lo": 1.4507526033289213,
        "hi": 1.7386050808086664,
        "n": 50
      }
    },
    "0.15": {
      "mig_migrated": {
        "median_hr": 1.0830165993026761,
        "lo": 1.0504192022102232,
        "hi": 1.1110503116153074,
        "n": 50
      },
      "mig_internal_transfer": {
        "median_hr": 1.3794273928578265,
        "lo": 1.3407829300019254,
        "hi": 1.4142841727330182,
        "n": 50
      },
      "mig_deported": {
        "median_hr": 1.4018350578429546,
        "lo": 1.2883502360346855,
        "hi": 1.51193758391682,
        "n": 50
      }
    }
  }
}